--
-- PostgreSQL database dump
--

-- Dumped from database version 10.14
-- Dumped by pg_dump version 10.14

SET statement_timeout = 0;
SET lock_timeout = 0;
SET idle_in_transaction_session_timeout = 0;
SET client_encoding = 'UTF8';
SET standard_conforming_strings = on;
SELECT pg_catalog.set_config('search_path', '', false);
SET check_function_bodies = false;
SET xmloption = content;
SET client_min_messages = warning;
SET row_security = off;

--
-- Name: plpgsql; Type: EXTENSION; Schema: -; Owner: 
--

CREATE EXTENSION IF NOT EXISTS plpgsql WITH SCHEMA pg_catalog;


--
-- Name: EXTENSION plpgsql; Type: COMMENT; Schema: -; Owner: 
--

COMMENT ON EXTENSION plpgsql IS 'PL/pgSQL procedural language';


--
-- Name: choicelimit; Type: TYPE; Schema: public; Owner: ryu
--

CREATE TYPE public.choicelimit AS ENUM (
    'goblin',
    'alien',
    'human',
    'space_wizard',
    'astral_thief',
    'cosmic_warrior',
    'default'
);


ALTER TYPE public.choicelimit OWNER TO ryu;

--
-- Name: responsealignment; Type: TYPE; Schema: public; Owner: ryu
--

CREATE TYPE public.responsealignment AS ENUM (
    'chaotic',
    'neutral',
    'lawful'
);


ALTER TYPE public.responsealignment OWNER TO ryu;

SET default_tablespace = '';

SET default_with_oids = false;

--
-- Name: dbss_character_saves; Type: TABLE; Schema: public; Owner: ryu
--

CREATE TABLE public.dbss_character_saves (
    id integer NOT NULL,
    user_id integer,
    slot_num integer NOT NULL,
    char_name text NOT NULL,
    char_class integer,
    char_race integer
);


ALTER TABLE public.dbss_character_saves OWNER TO ryu;

--
-- Name: dbss_character_saves_id_seq; Type: SEQUENCE; Schema: public; Owner: ryu
--

ALTER TABLE public.dbss_character_saves ALTER COLUMN id ADD GENERATED BY DEFAULT AS IDENTITY (
    SEQUENCE NAME public.dbss_character_saves_id_seq
    START WITH 1
    INCREMENT BY 1
    NO MINVALUE
    NO MAXVALUE
    CACHE 1
);


--
-- Name: dbss_choices; Type: TABLE; Schema: public; Owner: ryu
--

CREATE TABLE public.dbss_choices (
    id integer NOT NULL,
    "linkedTo" text,
    "choiceType" public.choicelimit,
    choice text NOT NULL,
    alignment public.responsealignment NOT NULL,
    score integer NOT NULL,
    health_lost integer NOT NULL
);


ALTER TABLE public.dbss_choices OWNER TO ryu;

--
-- Name: dbss_choices_id_seq; Type: SEQUENCE; Schema: public; Owner: ryu
--

CREATE SEQUENCE public.dbss_choices_id_seq
    AS integer
    START WITH 1
    INCREMENT BY 1
    NO MINVALUE
    NO MAXVALUE
    CACHE 1;


ALTER TABLE public.dbss_choices_id_seq OWNER TO ryu;

--
-- Name: dbss_choices_id_seq; Type: SEQUENCE OWNED BY; Schema: public; Owner: ryu
--

ALTER SEQUENCE public.dbss_choices_id_seq OWNED BY public.dbss_choices.id;


--
-- Name: dbss_classes; Type: TABLE; Schema: public; Owner: ryu
--

CREATE TABLE public.dbss_classes (
    id integer NOT NULL,
    class_name text NOT NULL
);


ALTER TABLE public.dbss_classes OWNER TO ryu;

--
-- Name: dbss_classes_id_seq; Type: SEQUENCE; Schema: public; Owner: ryu
--

CREATE SEQUENCE public.dbss_classes_id_seq
    AS integer
    START WITH 1
    INCREMENT BY 1
    NO MINVALUE
    NO MAXVALUE
    CACHE 1;


ALTER TABLE public.dbss_classes_id_seq OWNER TO ryu;

--
-- Name: dbss_classes_id_seq; Type: SEQUENCE OWNED BY; Schema: public; Owner: ryu
--

ALTER SEQUENCE public.dbss_classes_id_seq OWNED BY public.dbss_classes.id;


--
-- Name: dbss_questions; Type: TABLE; Schema: public; Owner: ryu
--

CREATE TABLE public.dbss_questions (
    id text NOT NULL,
    "linkedTo" text NOT NULL,
    question text NOT NULL
);


ALTER TABLE public.dbss_questions OWNER TO ryu;

--
-- Name: dbss_races; Type: TABLE; Schema: public; Owner: ryu
--

CREATE TABLE public.dbss_races (
    id integer NOT NULL,
    race_name text NOT NULL
);


ALTER TABLE public.dbss_races OWNER TO ryu;

--
-- Name: dbss_races_id_seq; Type: SEQUENCE; Schema: public; Owner: ryu
--

CREATE SEQUENCE public.dbss_races_id_seq
    AS integer
    START WITH 1
    INCREMENT BY 1
    NO MINVALUE
    NO MAXVALUE
    CACHE 1;


ALTER TABLE public.dbss_races_id_seq OWNER TO ryu;

--
-- Name: dbss_races_id_seq; Type: SEQUENCE OWNED BY; Schema: public; Owner: ryu
--

ALTER SEQUENCE public.dbss_races_id_seq OWNED BY public.dbss_races.id;


--
-- Name: dbss_responses; Type: TABLE; Schema: public; Owner: ryu
--

CREATE TABLE public.dbss_responses (
    id integer NOT NULL,
    "linkedTo" text,
    alignment public.responsealignment NOT NULL,
    response text NOT NULL,
    game_ending boolean NOT NULL
);


ALTER TABLE public.dbss_responses OWNER TO ryu;

--
-- Name: dbss_responses_id_seq; Type: SEQUENCE; Schema: public; Owner: ryu
--

CREATE SEQUENCE public.dbss_responses_id_seq
    AS integer
    START WITH 1
    INCREMENT BY 1
    NO MINVALUE
    NO MAXVALUE
    CACHE 1;


ALTER TABLE public.dbss_responses_id_seq OWNER TO ryu;

--
-- Name: dbss_responses_id_seq; Type: SEQUENCE OWNED BY; Schema: public; Owner: ryu
--

ALTER SEQUENCE public.dbss_responses_id_seq OWNED BY public.dbss_responses.id;


--
-- Name: dbss_scoreboard; Type: TABLE; Schema: public; Owner: ryu
--

CREATE TABLE public.dbss_scoreboard (
    id integer NOT NULL,
    nick_name text NOT NULL,
    score integer NOT NULL,
    date_created timestamp with time zone DEFAULT now() NOT NULL
);


ALTER TABLE public.dbss_scoreboard OWNER TO ryu;

--
-- Name: dbss_scoreboard_id_seq; Type: SEQUENCE; Schema: public; Owner: ryu
--

CREATE SEQUENCE public.dbss_scoreboard_id_seq
    AS integer
    START WITH 1
    INCREMENT BY 1
    NO MINVALUE
    NO MAXVALUE
    CACHE 1;


ALTER TABLE public.dbss_scoreboard_id_seq OWNER TO ryu;

--
-- Name: dbss_scoreboard_id_seq; Type: SEQUENCE OWNED BY; Schema: public; Owner: ryu
--

ALTER SEQUENCE public.dbss_scoreboard_id_seq OWNED BY public.dbss_scoreboard.id;


--
-- Name: dbss_users; Type: TABLE; Schema: public; Owner: ryu
--

CREATE TABLE public.dbss_users (
    id integer NOT NULL,
    user_name text NOT NULL,
    password text NOT NULL,
    date_created timestamp with time zone DEFAULT now() NOT NULL,
    date_modified timestamp with time zone
);


ALTER TABLE public.dbss_users OWNER TO ryu;

--
-- Name: dbss_users_id_seq; Type: SEQUENCE; Schema: public; Owner: ryu
--

CREATE SEQUENCE public.dbss_users_id_seq
    AS integer
    START WITH 1
    INCREMENT BY 1
    NO MINVALUE
    NO MAXVALUE
    CACHE 1;


ALTER TABLE public.dbss_users_id_seq OWNER TO ryu;

--
-- Name: dbss_users_id_seq; Type: SEQUENCE OWNED BY; Schema: public; Owner: ryu
--

ALTER SEQUENCE public.dbss_users_id_seq OWNED BY public.dbss_users.id;


--
-- Name: schemaversion; Type: TABLE; Schema: public; Owner: ryu
--

CREATE TABLE public.schemaversion (
    version bigint NOT NULL,
    name text,
    md5 text,
    run_at timestamp with time zone
);


ALTER TABLE public.schemaversion OWNER TO ryu;

--
-- Name: dbss_choices id; Type: DEFAULT; Schema: public; Owner: ryu
--

ALTER TABLE ONLY public.dbss_choices ALTER COLUMN id SET DEFAULT nextval('public.dbss_choices_id_seq'::regclass);


--
-- Name: dbss_classes id; Type: DEFAULT; Schema: public; Owner: ryu
--

ALTER TABLE ONLY public.dbss_classes ALTER COLUMN id SET DEFAULT nextval('public.dbss_classes_id_seq'::regclass);


--
-- Name: dbss_races id; Type: DEFAULT; Schema: public; Owner: ryu
--

ALTER TABLE ONLY public.dbss_races ALTER COLUMN id SET DEFAULT nextval('public.dbss_races_id_seq'::regclass);


--
-- Name: dbss_responses id; Type: DEFAULT; Schema: public; Owner: ryu
--

ALTER TABLE ONLY public.dbss_responses ALTER COLUMN id SET DEFAULT nextval('public.dbss_responses_id_seq'::regclass);


--
-- Name: dbss_scoreboard id; Type: DEFAULT; Schema: public; Owner: ryu
--

ALTER TABLE ONLY public.dbss_scoreboard ALTER COLUMN id SET DEFAULT nextval('public.dbss_scoreboard_id_seq'::regclass);


--
-- Name: dbss_users id; Type: DEFAULT; Schema: public; Owner: ryu
--

ALTER TABLE ONLY public.dbss_users ALTER COLUMN id SET DEFAULT nextval('public.dbss_users_id_seq'::regclass);


--
-- Data for Name: dbss_character_saves; Type: TABLE DATA; Schema: public; Owner: ryu
--

COPY public.dbss_character_saves (id, user_id, slot_num, char_name, char_class, char_race) FROM stdin;
1	1	3	Bob	3	1
2	1	2	Oregano	2	2
3	2	1	Benji	1	1
4	2	2	Spore	3	2
5	2	3	Apple	2	3
6	3	1	poison	2	1
7	3	2	Pear	1	3
8	3	3	Cryie	2	3
9	1	1	Sappy	1	3
10	4	1	Slot One	3	3
11	4	3	Slot Three	2	1
12	5	2	Twoie	2	2
13	6	3	Tree Guy	1	1
\.


--
-- Data for Name: dbss_choices; Type: TABLE DATA; Schema: public; Owner: ryu
--

COPY public.dbss_choices (id, "linkedTo", "choiceType", choice, alignment, score, health_lost) FROM stdin;
1	a1	goblin	*recites your name in gobish*	chaotic	50	0
2	a1	alien	*Gurgles* I'm an alien!	neutral	50	0
3	a1	human	Hello There! Just an average human.	lawful	50	0
4	a1	space_wizard	*bows* An elegant wizard at your service.	lawful	50	0
5	a1	astral_thief	*scoffs* Ha, Thief Extraordinaire...	neutral	50	0
6	a1	cosmic_warrior	GWARH! STRONG WARRIOR AM I!	chaotic	50	0
7	a1	default	"Hey there, just a pilot."	neutral	25	0
8	a1	default	That's none of your business who I am to you.	neutral	25	0
9	b1	goblin	Goblin Response	chaotic	25	0
10	b1	alien	Alien Response	neutral	25	0
11	b1	human	Human Response	lawful	25	0
12	b1	space_wizard	Wizard Response	lawful	25	0
13	b1	astral_thief	Thief Response	neutral	25	0
14	b1	cosmic_warrior	warrior response	chaotic	25	0
15	b1	default	default response 3	neutral	25	0
16	b1	default	default response 4	lawful	25	0
17	b2	goblin	Goblin Response	chaotic	25	0
18	b2	alien	Alien Response	neutral	25	0
19	b2	human	Human Response	lawful	25	0
20	b2	space_wizard	Wizard Response	lawful	25	0
21	b2	astral_thief	Thief Response	neutral	25	0
22	b2	cosmic_warrior	warrior response	chaotic	25	0
23	b2	default	default response 3	neutral	25	0
24	b2	default	default response 4	lawful	25	0
25	c1	goblin	Goblin Response	chaotic	25	0
26	c1	alien	Alien Response	neutral	25	0
27	c1	human	Human Response	lawful	25	0
28	c1	space_wizard	Wizard Response	lawful	25	0
29	c1	astral_thief	Thief Response	neutral	25	0
30	c1	cosmic_warrior	warrior response	chaotic	25	0
31	c1	default	default response 3	neutral	25	0
32	c1	default	default response 4	lawful	25	0
\.


--
-- Data for Name: dbss_classes; Type: TABLE DATA; Schema: public; Owner: ryu
--

COPY public.dbss_classes (id, class_name) FROM stdin;
1	space_wizard
2	astral_thief
3	cosmic_warrior
\.


--
-- Data for Name: dbss_questions; Type: TABLE DATA; Schema: public; Owner: ryu
--

COPY public.dbss_questions (id, "linkedTo", question) FROM stdin;
a1	a	Hello {name}, I am your Buddy On Board Briefing Yokemate,\\nB.O.B.B.Y. for short.\\n\\nWelcome to Drifting Between Silence and Stardust, a bite-sized interactive choose-your-own-adventure-game.\\nLet's get you up to speed with how the game works.\\nTell me Captain, who are you?
b1	b	
b2	b	Example question b2
c1	c	Example question c1
\.


--
-- Data for Name: dbss_races; Type: TABLE DATA; Schema: public; Owner: ryu
--

COPY public.dbss_races (id, race_name) FROM stdin;
1	human
2	alien
3	goblin
\.


--
-- Data for Name: dbss_responses; Type: TABLE DATA; Schema: public; Owner: ryu
--

COPY public.dbss_responses (id, "linkedTo", alignment, response, game_ending) FROM stdin;
1	a1	chaotic	Interesting..uh...response Captain. Good to meet you, looks like you're ready to start.\\n\\nPlease don't break anything.	f
2	a1	neutral	Nice to meet you Captain, you seem capable of handling a ship.\\n\\nLet's start once you're ready.	f
3	a1	lawful	A pleasure to meet you Captain. Refreshing to meet someone with your caliber.\\n\\nI'm ready to begin this journey with you.	f
4	b1	chaotic	b1 chaotic response here	f
5	b1	neutral	b1 neutral response here	f
6	b1	lawful	b1 lawful response here	f
7	b2	chaotic	b2 chaotic response here	f
8	b2	neutral	b2 neutral response here	f
9	b2	lawful	b2 lawful response here	f
10	c1	chaotic	c1 chaotic response here	t
11	c1	neutral	c1 neutral response here	f
12	c1	lawful	c1 lawful response here	f
\.


--
-- Data for Name: dbss_scoreboard; Type: TABLE DATA; Schema: public; Owner: ryu
--

COPY public.dbss_scoreboard (id, nick_name, score, date_created) FROM stdin;
\.


--
-- Data for Name: dbss_users; Type: TABLE DATA; Schema: public; Owner: ryu
--

COPY public.dbss_users (id, user_name, password, date_created, date_modified) FROM stdin;
1	dunder	$2a$12$7/g92wWGobDhaKoFBCKALuVPm9bG7Sz89ZlSUOD./7AcquqTgJsCK	2020-10-12 19:51:36.33018+00	\N
2	park	$2a$12$hDy90VKLeKG30CpTLqRffOUiydRzdt29CEuSzytO4l8ODfe7Zutvu	2020-10-12 19:51:36.33018+00	\N
3	recs	$2a$12$UDSjEUvCXW.SdMBL1wx2Du10RAcBiZUZBFL7hmdfEUyzYPcxrNd5a	2020-10-12 19:51:36.33018+00	\N
4	midslotgone	$2a$12$szaYO.Vn2sIXzuZSSqJ0q.QU.Iii5r5lSYkEeD2QhK1ngKulJPA1y	2020-10-12 19:51:36.33018+00	\N
5	brooklyn	$2a$12$WuHLfqdQJ.61Ay1Q4yqdrOLaDHDU7l/pDjBby3q.kBVH1bpKSMGsa	2020-10-12 19:51:36.33018+00	\N
6	ninenine	$2a$12$784WvwVBHrb39GMyJxM.Zebg1i8.tmrvUBZ.EALszMrsDFEs0L5EG	2020-10-12 19:51:36.33018+00	\N
\.


--
-- Data for Name: schemaversion; Type: TABLE DATA; Schema: public; Owner: ryu
--

COPY public.schemaversion (version, name, md5, run_at) FROM stdin;
0	\N	\N	\N
1	create_dbss_questions	b76635be20b947ec51dcbe676c44cef8	2020-10-09 18:31:20.854+00
2	create_dbss_choices	4528454a1ded46f18b08f026e04da6d4	2020-10-09 18:31:20.879+00
3	create_dbss_users	0d5282a160cf67897e2ef3c5f0202408	2020-10-09 18:31:20.904+00
4	create_dbss_scoreboard	b500045cdbf3d05c58f7d8f8958b153a	2020-10-09 18:31:20.917+00
5	create_dbss_classes	b9595222a15584814b22bf2e323cfab9	2020-10-09 18:31:20.936+00
6	create_dbss_races	1c3e3f62790aa0787cd11928b62025e3	2020-10-09 18:31:20.946+00
7	create_dbss_character_saves	595962bcd818e64f8fb8a8cf92cabd24	2020-10-09 18:31:20.973+00
8	create_dbss_responses	d8eb13f37c9eeaceac1a52fc776ced40	2020-10-09 18:31:20.987+00
\.


--
-- Name: dbss_character_saves_id_seq; Type: SEQUENCE SET; Schema: public; Owner: ryu
--

SELECT pg_catalog.setval('public.dbss_character_saves_id_seq', 13, true);


--
-- Name: dbss_choices_id_seq; Type: SEQUENCE SET; Schema: public; Owner: ryu
--

SELECT pg_catalog.setval('public.dbss_choices_id_seq', 32, true);


--
-- Name: dbss_classes_id_seq; Type: SEQUENCE SET; Schema: public; Owner: ryu
--

SELECT pg_catalog.setval('public.dbss_classes_id_seq', 3, true);


--
-- Name: dbss_races_id_seq; Type: SEQUENCE SET; Schema: public; Owner: ryu
--

SELECT pg_catalog.setval('public.dbss_races_id_seq', 3, true);


--
-- Name: dbss_responses_id_seq; Type: SEQUENCE SET; Schema: public; Owner: ryu
--

SELECT pg_catalog.setval('public.dbss_responses_id_seq', 12, true);


--
-- Name: dbss_scoreboard_id_seq; Type: SEQUENCE SET; Schema: public; Owner: ryu
--

SELECT pg_catalog.setval('public.dbss_scoreboard_id_seq', 1, false);


--
-- Name: dbss_users_id_seq; Type: SEQUENCE SET; Schema: public; Owner: ryu
--

SELECT pg_catalog.setval('public.dbss_users_id_seq', 6, true);


--
-- Name: dbss_character_saves dbss_character_saves_pkey; Type: CONSTRAINT; Schema: public; Owner: ryu
--

ALTER TABLE ONLY public.dbss_character_saves
    ADD CONSTRAINT dbss_character_saves_pkey PRIMARY KEY (id);


--
-- Name: dbss_choices dbss_choices_pkey; Type: CONSTRAINT; Schema: public; Owner: ryu
--

ALTER TABLE ONLY public.dbss_choices
    ADD CONSTRAINT dbss_choices_pkey PRIMARY KEY (id);


--
-- Name: dbss_classes dbss_classes_pkey; Type: CONSTRAINT; Schema: public; Owner: ryu
--

ALTER TABLE ONLY public.dbss_classes
    ADD CONSTRAINT dbss_classes_pkey PRIMARY KEY (id);


--
-- Name: dbss_questions dbss_questions_pkey; Type: CONSTRAINT; Schema: public; Owner: ryu
--

ALTER TABLE ONLY public.dbss_questions
    ADD CONSTRAINT dbss_questions_pkey PRIMARY KEY (id);


--
-- Name: dbss_races dbss_races_pkey; Type: CONSTRAINT; Schema: public; Owner: ryu
--

ALTER TABLE ONLY public.dbss_races
    ADD CONSTRAINT dbss_races_pkey PRIMARY KEY (id);


--
-- Name: dbss_responses dbss_responses_pkey; Type: CONSTRAINT; Schema: public; Owner: ryu
--

ALTER TABLE ONLY public.dbss_responses
    ADD CONSTRAINT dbss_responses_pkey PRIMARY KEY (id);


--
-- Name: dbss_scoreboard dbss_scoreboard_pkey; Type: CONSTRAINT; Schema: public; Owner: ryu
--

ALTER TABLE ONLY public.dbss_scoreboard
    ADD CONSTRAINT dbss_scoreboard_pkey PRIMARY KEY (id);


--
-- Name: dbss_users dbss_users_pkey; Type: CONSTRAINT; Schema: public; Owner: ryu
--

ALTER TABLE ONLY public.dbss_users
    ADD CONSTRAINT dbss_users_pkey PRIMARY KEY (id);


--
-- Name: schemaversion schemaversion_pkey; Type: CONSTRAINT; Schema: public; Owner: ryu
--

ALTER TABLE ONLY public.schemaversion
    ADD CONSTRAINT schemaversion_pkey PRIMARY KEY (version);


--
-- Name: dbss_character_saves dbss_character_saves_char_class_fkey; Type: FK CONSTRAINT; Schema: public; Owner: ryu
--

ALTER TABLE ONLY public.dbss_character_saves
    ADD CONSTRAINT dbss_character_saves_char_class_fkey FOREIGN KEY (char_class) REFERENCES public.dbss_classes(id);


--
-- Name: dbss_character_saves dbss_character_saves_char_race_fkey; Type: FK CONSTRAINT; Schema: public; Owner: ryu
--

ALTER TABLE ONLY public.dbss_character_saves
    ADD CONSTRAINT dbss_character_saves_char_race_fkey FOREIGN KEY (char_race) REFERENCES public.dbss_races(id);


--
-- Name: dbss_character_saves dbss_character_saves_user_id_fkey; Type: FK CONSTRAINT; Schema: public; Owner: ryu
--

ALTER TABLE ONLY public.dbss_character_saves
    ADD CONSTRAINT dbss_character_saves_user_id_fkey FOREIGN KEY (user_id) REFERENCES public.dbss_users(id);


--
-- Name: dbss_choices dbss_choices_linkedTo_fkey; Type: FK CONSTRAINT; Schema: public; Owner: ryu
--

ALTER TABLE ONLY public.dbss_choices
    ADD CONSTRAINT "dbss_choices_linkedTo_fkey" FOREIGN KEY ("linkedTo") REFERENCES public.dbss_questions(id);


--
-- Name: dbss_responses dbss_responses_linkedTo_fkey; Type: FK CONSTRAINT; Schema: public; Owner: ryu
--

ALTER TABLE ONLY public.dbss_responses
    ADD CONSTRAINT "dbss_responses_linkedTo_fkey" FOREIGN KEY ("linkedTo") REFERENCES public.dbss_questions(id);


--
-- PostgreSQL database dump complete
--

